{
   "elements":{
      "nodes":[
         {
            "data":{
               "id":"border_router_id1",
               "selected":false,
               "name":"border_router_id1",
               "label":"Border Router"
            },
            "selected":false
         },
         {
            "data":{
               "id":"router_id1",
               "selected":false,
               "name":"router_id1",
               "label":"Router1"
            },
            "selected":false
         },
         {
            "data":{
               "id":"router_id2",
               "selected":false,
               "name":"router_id2",
               "label":"Router2"
            },
            "selected":false
         },
         {
            "data":{
               "id":"router_id3",
               "selected":false,
               "name":"router_id3",
               "label":"Router3"
            },
            "selected":false
         },
         {
            "data":{
               "id":"router_id4",
               "selected":false,
               "name":"router_id4",
               "label":"Router4"
            },
            "selected":false
         },
         {
            "data":{
               "id":"router_id5",
               "selected":false,
               "name":"router_id5",
               "label":"Router5"
            },
            "selected":false
         }
      ],
      "edges":[
         {
            "data":{
               "id":"edge1",
               "source":"border_router_id1",
               "target":"router_id1"
            },
            "selected":false
         },
         {
            "data":{
               "id":"edge2",
               "source":"border_router_id1",
               "target":"router_id2"
            },
            "selected":false
         },
         {
            "data":{
               "id":"edge3",
               "source":"router_id1",
               "target":"router_id3"
            },
            "selected":false
         },
         {
            "data":{
               "id":"edge4",
               "source":"router_id2",
               "target":"router_id4"
            },
            "selected":false
         },
         {
            "data":{
               "id":"edge5",
               "source":"router_id2",
               "target":"router_id5"
            },
            "selected":false
         }         
      ]
   }
}